<?xml version="1.0" encoding="utf-8" ?>
<hibernate-mapping xmlns="urn:nhibernate-mapping-2.0">
    <!-- region ChainEntity (Customizable code) -->
    <class name="AgriMore.Logistics.Domain.ChainEntity, AgriMore.Logistics.Domain" table="`ChainEntity`" lazy="false">
        <cache usage="read-write"/>
        <!-- endregion ChainEntity (Customizable code) -->

        <!-- region Id (Customizable code) -->
        <id name="Uid" column="Uid" type="Int64" unsaved-value="0" access="field.camelcase">
            <generator class="identity"/>
        </id>
        <!-- endregion Id (Customizable code) -->

 
        <!-- region Name, Required (Customizable code) -->
        <property name="Name" type="String" not-null="true" access="field.camelcase"/>
        <!-- endregion Name, Required (Customizable code) -->

        <!-- region Users, Composite (Customizable code) -->
        <set name="Users" cascade="all-delete-orphan" lazy="true" batch-size="100" access="field.camelcase">
            <key>
		        <column name="ChainEntityId" index="NDX_ChainEntity_Users"/>
            </key>
            <one-to-many class="AgriMore.Logistics.Domain.User, AgriMore.Logistics.Domain"/>
        </set>    
        <!-- endregion Users, Composite (Customizable code) -->

        <!-- region Addresses, Composite (Customizable code) -->
        <set name="Addresses" cascade="all-delete-orphan" lazy="true" batch-size="100" access="field.camelcase">
            <cache usage="read-write"/>
            <key>
		        <column name="ChainEntityId" index="NDX_ChainEntity_Addresses"/>
            </key>
            <one-to-many class="AgriMore.Logistics.Domain.Address, AgriMore.Logistics.Domain"/>
        </set>    
        <!-- endregion Addresses, Composite (Customizable code) -->
    </class>
</hibernate-mapping>