﻿<?xml version="1.0" encoding="utf-8" ?>
<hibernate-mapping xmlns="urn:nhibernate-mapping-2.0">
  <class name="AgriMore.Logistics.Domain.DecompositionInfo, AgriMore.Logistics.Domain" table="`decomposition_keyfigureinfo`" lazy="false">
    <id name="Uid" column="Uid" type="Int64" unsaved-value="0">
      <generator class="identity"/>
    </id>

    <property name="KeyFigure4OrgId" column="KeyFigure4OrgId" type="String"/>
    <property name="RootProdId" column="RootProdId" type="Int64"/>
    <property name="FromProdId" column="FromProdId" type="Int64"/>
    <property name="ToProdId" column="ToProdId" type="Int64"/>
    <property name="KeyFigureVal" column="KeyFigureVal" type="Decimal"/>
    <property name="FigureWeight" column="FigureWeight" type="Decimal"/>
    <property name="ActualWeight" column="ActualWeight" type="Decimal"/>
    <property name="ProdSupplyId" column="ProductSupplyId" type="Int64"/>
    <property name="DecomposedDate" column="DecomposedDate" type="DateTime"/>
    <property name="DecomposedByChainId" column="DecomposedByChainId" type="Int64"/>
  </class>
</hibernate-mapping>