﻿<?xml version="1.0" encoding="utf-8" ?>
<hibernate-mapping xmlns="urn:nhibernate-mapping-2.0">
  <!-- region ProductGroup (Customizable code) -->
  <class name="AgriMore.Logistics.Domain.Decomposition, AgriMore.Logistics.Domain" table="`decomposition`" lazy="false">
    <cache usage="read-write"/>
    <!-- endregion ProductGroup (Customizable code) -->

    <!-- region Id (Customizable code) -->
    <id name="Uid" column="Uid" type="Int64" unsaved-value="0" access="field.camelcase">
      <generator class="identity"/>
    </id>
    <!-- endregion Id (Customizable code) -->
    
    <property name="PeriodFromDate" type="DateTime" not-null="false" access="field.camelcase"/>
    
    <property name="PeriodToDate" type="DateTime" not-null="false" access="field.camelcase"/>
    <!-- region Name, Required (Customizable code) -->
    <property name="DecompositionTypeId" type="Int64" not-null="false" access="field.camelcase"/>
    
    <property name="PackageId" type="Int64" not-null="false" access="field.camelcase"/>
    
    <property name="NumberPackage" type="Int64" not-null="false"/>

    <property name="MatchingProdId" type="Int64" not-null="false" />
    
    <property name="Cost" type="Decimal" not-null="false" access="field.camelcase"/>
    
    <property name="CostCurrency" type="String" not-null="false" access="field.camelcase"/>
    
    <property name="CostUnit" type="string" not-null="false" access="field.camelcase"/>
    <!-- endregion Name, Required (Customizable code) -->   	     
        
  </class>
</hibernate-mapping>