﻿<?xml version="1.0" encoding="utf-8" ?>
<hibernate-mapping xmlns="urn:nhibernate-mapping-2.0">
  <class name="AgriMore.Logistics.Domain.DisposalPackage, AgriMore.Logistics.Domain" table="`disposalpackages`" lazy="false">
    <id name="Uid" column="Uid" type="Int64" unsaved-value="0" >
      <generator class="identity"/>
    </id>

    <property name="UnpackDate" column="UnpackDate" type="DateTime" />
    <property name="Amount" column="Amount" type="Int64" />
    <property name="Status" column="Status" type="Int32" />
    <property name="UnPackId" column="UnPackId" type="Int64" />
    <property name="UnpackLocationId" column="UnpackLocationId" type="Int64" />
    <property name="PackageTypeId" column="PackageTypeId" type="Int64" />
    <property name="PackageTypeCategoryId" column="PackageTypeCategoryId" type="Int64" />
    <property name="PackageMaterialId" column="PackageMaterialId" type="Int64" />
    
  </class>
</hibernate-mapping>