<?xml version="1.0" encoding="utf-8" ?>
<hibernate-mapping xmlns="urn:nhibernate-mapping-2.0">
    <!-- region Exposure (Customizable code) -->
    <class name="AgriMore.Logistics.Domain.Exposure, AgriMore.Logistics.Domain" table="`Exposure`" lazy="false">
    <!-- endregion Exposure (Customizable code) -->

        <!-- region Id (Customizable code) -->
        <id name="Uid" column="Uid" type="Int64" unsaved-value="0" access="field.camelcase">
            <generator class="identity"/>
        </id>
        <!-- endregion Id (Customizable code) -->

 
        <!-- region StartDateTime, Required (Customizable code) -->
        <property name="StartDateTime" type="DateTime" not-null="true" access="field.camelcase"/>
        <!-- endregion StartDateTime, Required (Customizable code) -->
 
        <!-- region EndDateTime, Required (Customizable code) -->
        <property name="EndDateTime" type="DateTime" not-null="true" access="field.camelcase"/>
        <!-- endregion EndDateTime, Required (Customizable code) -->

        <!-- region ExposureType, Required, Indexed (Customizable code) -->
        <many-to-one name="ExposureType" class="AgriMore.Logistics.Domain.ExposureType, AgriMore.Logistics.Domain" cascade="save-update" access="field.camelcase">
		    <column name="ExposureTypeId"  not-null="false"/>
        </many-to-one>

      <property name="ExposureDefineId" type="Int64" not-null="true" access="field.camelcase"/>
        <!-- endregion ExposureType, Required, Indexed (Customizable code) -->

        <!-- region PrescribedEnd, Unique, Required (Customizable code) -->
        <many-to-one name="PrescribedEnd" class="AgriMore.Logistics.Domain.MeasuredValue, AgriMore.Logistics.Domain" cascade="save-update" access="field.camelcase">
		    <column name="PrescribedEndId"  unique="true" not-null="true"/>
        </many-to-one>
        <!-- endregion PrescribedEnd, Unique, Required (Customizable code) -->

        <!-- region PrescribedStart, Unique, Required (Customizable code) -->
        <many-to-one name="PrescribedStart" class="AgriMore.Logistics.Domain.MeasuredValue, AgriMore.Logistics.Domain" cascade="save-update" access="field.camelcase">
		    <column name="PrescribedStartId"  unique="true" not-null="true"/>
        </many-to-one>
        <!-- endregion PrescribedStart, Unique, Required (Customizable code) -->

        <!-- region Actuals, Composite (Customizable code) -->
        <set name="Actuals" cascade="all-delete-orphan" lazy="true" batch-size="100" access="field.camelcase">
            <key>
		        <column name="ExposureId" index="NDX_Exposure_Actuals"/>
            </key>
            <one-to-many class="AgriMore.Logistics.Domain.MeasuredValue, AgriMore.Logistics.Domain"/>
        </set>    
        <!-- endregion Actuals, Composite (Customizable code) -->
    </class>
</hibernate-mapping>