<?xml version="1.0" encoding="utf-8" ?>
<hibernate-mapping xmlns="urn:nhibernate-mapping-2.0">
    <!-- region Identification (Customizable code) -->
    <class name="AgriMore.Logistics.Domain.Identification, AgriMore.Logistics.Domain" table="`Identification`" lazy="false">
    <!-- endregion Identification (Customizable code) -->

        <!-- region Id (Customizable code) -->
        <id name="Uid" column="Uid" type="Int64" unsaved-value="0" access="field.camelcase">
            <generator class="identity"/>
        </id>
        <!-- endregion Id (Customizable code) -->

 
        <!-- region Id, Required (Customizable code) -->
        <property name="Id" type="String" not-null="true" access="field.camelcase"/>
        <!-- endregion Id, Required (Customizable code) -->

        <property name="FromUid" type="Int64" />

        <property name="ToUid" type="Int64"/>

        <property name="ReferenceFrom" type="String" />

        <property name="ReferenceTo" type="String"/>        
      
        <!-- region ChainEntity, Required, Indexed (Customizable code) -->
        <many-to-one name="ChainEntity" class="AgriMore.Logistics.Domain.ChainEntity, AgriMore.Logistics.Domain" cascade="save-update" access="field.camelcase">
		    <column name="ChainEntityId"  not-null="true" index="NDX_Identification_ChainEntity"/>
        </many-to-one>
        <!-- endregion ChainEntity, Required, Indexed (Customizable code) -->

        <!-- region Package, Required, Indexed (Customizable code) -->
        <many-to-one name="Package" class="AgriMore.Logistics.Domain.Package, AgriMore.Logistics.Domain" cascade="save-update" access="field.camelcase">
		    <column name="PackageId"  not-null="true" index="NDX_Identification_Package"/>
        </many-to-one>
        <!-- endregion Package, Required, Indexed (Customizable code) -->
    </class>
</hibernate-mapping>