<?xml version="1.0" encoding="utf-8" ?>
<hibernate-mapping xmlns="urn:nhibernate-mapping-2.0">
    <!-- region Location (Customizable code) -->
    <class name="AgriMore.Logistics.Domain.Location, AgriMore.Logistics.Domain" table="`Location`" lazy="false">
        <cache usage="read-write"/>
        <!-- endregion Location (Customizable code) -->

        <!-- region Id (Customizable code) -->
        <id name="Uid" column="Uid" type="Int64" unsaved-value="0" access="field.camelcase">
            <generator class="identity"/>
        </id>
        <!-- endregion Id (Customizable code) -->

 
        <!-- region Name, Required (Customizable code) -->
        <property name="Name" type="String" not-null="true" access="field.camelcase"/>
        <!-- endregion Name, Required (Customizable code) -->

        <!-- region Address (Customizable code) -->
        <many-to-one name="Address" class="AgriMore.Logistics.Domain.Address, AgriMore.Logistics.Domain" cascade="save-update" access="field.camelcase">
		    <column name="AddressId" />
        </many-to-one>
        <!-- endregion Address (Customizable code) -->

        <!-- region Packages (Customizable code) -->
        <set name="Packages" table="LocationPackage" cascade="save-update" lazy="true" batch-size="100" access="field.camelcase">
            <key>
		        <column name="LocationId"/>
            </key>
            <many-to-many class="AgriMore.Logistics.Domain.Package, AgriMore.Logistics.Domain">
                <column name="PackageId"/>
            </many-to-many>
        </set>    
        <!-- endregion Packages (Customizable code) -->
    </class>
</hibernate-mapping>