<?xml version="1.0" encoding="utf-8" ?>
<hibernate-mapping xmlns="urn:nhibernate-mapping-2.0">
    <!-- region Measurement (Customizable code) -->
    <class name="AgriMore.Logistics.Domain.Measurement, AgriMore.Logistics.Domain" table="`Measurement`" lazy="false">
    <!-- endregion Measurement (Customizable code) -->

        <!-- region Id (Customizable code) -->
        <id name="Uid" column="Uid" type="Int64" unsaved-value="0" access="field.camelcase">
            <generator class="identity"/>
        </id>
        <!-- endregion Id (Customizable code) -->

 
        <!-- region Value, Required (Customizable code) -->
        <property name="Value" type="Int32" not-null="true" access="field.camelcase"/>
        <!-- endregion Value, Required (Customizable code) -->

        <!-- region UnitOfMeasurement, Required, Indexed (Customizable code) -->
        <many-to-one name="UnitOfMeasurement" class="AgriMore.Logistics.Domain.UnitOfMeasurement, AgriMore.Logistics.Domain" cascade="save-update" access="field.camelcase">
		    <column name="UnitOfMeasurementId"  not-null="true" index="NDX_Measurement_UnitOfMeasurement"/>
        </many-to-one>
        <!-- endregion UnitOfMeasurement, Required, Indexed (Customizable code) -->
    </class>
</hibernate-mapping>