<?xml version="1.0" encoding="utf-8" ?>
<hibernate-mapping xmlns="urn:nhibernate-mapping-2.0">
    <!-- region PackageType (Customizable code) -->
    <class name="AgriMore.Logistics.Domain.PackageType, AgriMore.Logistics.Domain" table="`PackageType`" lazy="false">
        <cache usage="read-write"/>
        <!-- endregion PackageType (Customizable code) -->

        <!-- region Id (Customizable code) -->
        <id name="Uid" column="Uid" type="Int64" unsaved-value="0" access="field.camelcase">
            <generator class="identity"/>
        </id>
        <!-- endregion Id (Customizable code) -->

 
        <!-- region Name, Required (Customizable code) -->
        <property name="Name" type="String" not-null="true" access="field.camelcase"/>
        <!-- endregion Name, Required (Customizable code) -->
 
        <!-- region IsSealed, Required (Customizable code) -->
        <property name="IsSealed" type="Boolean" not-null="true" access="field.camelcase"/>
        <!-- endregion IsSealed, Required (Customizable code) -->
 
        <!-- region IsVentilated, Required (Customizable code) -->
        <property name="IsVentilated" type="Boolean" not-null="true" access="field.camelcase"/>
        <!-- endregion IsVentilated, Required (Customizable code) -->
 
        <!-- region HeightValue, Required (Customizable code) -->
        <property name="HeightValue" type="Int32" not-null="true" access="field.camelcase"/>
        <!-- endregion HeightValue, Required (Customizable code) -->
 
        <!-- region LenghtValue, Required (Customizable code) -->
        <property name="LenghtValue" type="Int32" not-null="true" access="field.camelcase"/>
        <!-- endregion LenghtValue, Required (Customizable code) -->
 
        <!-- region WidthValue, Required (Customizable code) -->
        <property name="WidthValue" type="Int32" not-null="true" access="field.camelcase"/>
        <!-- endregion WidthValue, Required (Customizable code) -->
 
        <!-- region WeightValue, Required (Customizable code) -->
        <property name="WeightValue" type="Int32" not-null="true" access="field.camelcase"/>
        <!-- endregion WeightValue, Required (Customizable code) -->

        <!-- region WidthUnitOfMeasurement, Required, Indexed (Customizable code) -->
        <many-to-one name="WidthUnitOfMeasurement" class="AgriMore.Logistics.Domain.UnitOfMeasurement, AgriMore.Logistics.Domain" cascade="save-update" access="field.camelcase">
		    <column name="WidthUnitOfMeasurementId"  not-null="true" index="NDX_PackageType_WidthUnitOfMeasurement"/>
        </many-to-one>
        <!-- endregion WidthUnitOfMeasurement, Required, Indexed (Customizable code) -->

        <!-- region WeightUnitOfMeasurement, Required, Indexed (Customizable code) -->
        <many-to-one name="WeightUnitOfMeasurement" class="AgriMore.Logistics.Domain.UnitOfMeasurement, AgriMore.Logistics.Domain" cascade="save-update" access="field.camelcase">
		    <column name="WeightUnitOfMeasurementId"  not-null="true" index="NDX_PackageType_WeightUnitOfMeasurement"/>
        </many-to-one>
        <!-- endregion WeightUnitOfMeasurement, Required, Indexed (Customizable code) -->

        <!-- region LenghtUnitOfMeasurement, Required, Indexed (Customizable code) -->
        <many-to-one name="LenghtUnitOfMeasurement" class="AgriMore.Logistics.Domain.UnitOfMeasurement, AgriMore.Logistics.Domain" cascade="save-update" access="field.camelcase">
		    <column name="LenghtUnitOfMeasurementId"  not-null="true" index="NDX_PackageType_LenghtUnitOfMeasurement"/>
        </many-to-one>
        <!-- endregion LenghtUnitOfMeasurement, Required, Indexed (Customizable code) -->

        <!-- region HeightUnitOfMeasurement, Required, Indexed (Customizable code) -->
        <many-to-one name="HeightUnitOfMeasurement" class="AgriMore.Logistics.Domain.UnitOfMeasurement, AgriMore.Logistics.Domain" cascade="save-update" access="field.camelcase">
		    <column name="HeightUnitOfMeasurementId"  not-null="true" index="NDX_PackageType_HeightUnitOfMeasurement"/>
        </many-to-one>
        <!-- endregion HeightUnitOfMeasurement, Required, Indexed (Customizable code) -->

        <!-- region PackageTypeCategory, Required, Indexed (Customizable code) -->
        <many-to-one name="PackageTypeCategory" class="AgriMore.Logistics.Domain.PackageTypeCategory, AgriMore.Logistics.Domain" cascade="save-update" access="field.camelcase">
		    <column name="PackageTypeCategoryId"  not-null="true" index="NDX_PackageType_PackageTypeCategory"/>
        </many-to-one>
        <!-- endregion PackageTypeCategory, Required, Indexed (Customizable code) -->

        <!-- region PackingMaterial, Required, Indexed (Customizable code) -->
        <many-to-one name="PackingMaterial" class="AgriMore.Logistics.Domain.PackingMaterial, AgriMore.Logistics.Domain" cascade="save-update" access="field.camelcase">
		    <column name="PackingMaterialId"  not-null="true" index="NDX_PackageType_PackingMaterial"/>
        </many-to-one>
        <!-- endregion PackingMaterial, Required, Indexed (Customizable code) -->
    </class>
</hibernate-mapping>