<?xml version="1.0" encoding="utf-8" ?>
<hibernate-mapping xmlns="urn:nhibernate-mapping-2.0">
    <!-- region Package (Customizable code) -->
    <class name="AgriMore.Logistics.Domain.Package, AgriMore.Logistics.Domain" table="`Package`" lazy="false">
        <!-- endregion Package (Customizable code) -->

        <!-- region Id (Customizable code) -->
        <id name="Uid" column="Uid" type="Int64" unsaved-value="0" access="field.camelcase">
            <generator class="identity"/>
        </id>
        <!-- endregion Id (Customizable code) -->


        <!-- region PackingDateTime, Required (Customizable code) -->
        <property name="PackingDateTime" type="DateTime" not-null="true" access="field.camelcase"/>
        <!-- endregion PackingDateTime, Required (Customizable code) -->

        <!-- region UnpackingDateTime, Required (Customizable code) -->
        <property name="UnpackingDateTime" type="DateTime" not-null="true" access="field.camelcase"/>
        <!-- endregion UnpackingDateTime, Required (Customizable code) -->

        <!-- region ProductCode (Customizable code) -->
        <property name="ProductCode" type="String" access="field.camelcase"/>
        <!-- endregion ProductCode (Customizable code) -->

        <property name="ShelfLifeStartDateTime" type="DateTime" not-null="false" access="field.camelcase"/>

        <property name="ShelfLifeEndDateTime" type="DateTime" not-null="false" access="field.camelcase"/>

        <property name="BestBeforeEndDateTime" type="DateTime" not-null="false" access="field.camelcase"/>

        <property name="FromUid" type="Int64" />

        <property name="ToUid" type="Int64" />

        <property name="HasChild" type="Boolean" />
      
        <property name="IsSplitted" type="Boolean" />

        <property name="PackageTypeId" type="Int64" />
      
        <property name="PackageTypeCategoryId" type="Int64" />

        <property name="PackageTypeName" type="String" />

        <property name="TypeOfWaste" type="Int32" />

        <!-- region ParentPackage (Customizable code) -->
        <many-to-one name="ParentPackage" class="AgriMore.Logistics.Domain.Package, AgriMore.Logistics.Domain" cascade="save-update" access="field.camelcase">
            <column name="ParentPackageId" />
        </many-to-one>
        <!-- endregion ParentPackage (Customizable code) -->

        <!-- region PackageType, Required, Indexed (Customizable code) -->
      <!--many-to-one name="PackageType" class="AgriMore.Logistics.Domain.PackageType, AgriMore.Logistics.Domain" cascade="save-update" access="field.camelcase">
            <column name="PackageTypeId"  not-null="true" index="NDX_Package_PackageType"/>
        </many-to-one-->
        <!-- endregion PackageType, Required, Indexed (Customizable code) -->

        <!-- region PackageIdentifications, Composite, Inverse (Customizable code) -->
        <set name="PackageIdentifications" cascade="all-delete-orphan" lazy="true" batch-size="100" inverse="true" access="field.camelcase">
            <key>
                <column name="PackageId"/>
            </key>
            <one-to-many class="AgriMore.Logistics.Domain.Identification, AgriMore.Logistics.Domain"/>
        </set>
        <!-- endregion PackageIdentifications, Composite, Inverse (Customizable code) -->

        <!-- region PreviousPackages, Composite (Customizable code) -->
        <set name="PreviousPackages" cascade="all-delete-orphan" lazy="true" batch-size="100" access="field.camelcase">
            <key>
                <column name="ParentPackageId" index="NDX_Package_PreviousPackages"/>
            </key>
            <one-to-many class="AgriMore.Logistics.Domain.Package, AgriMore.Logistics.Domain"/>
        </set>
        <!-- endregion PreviousPackages, Composite (Customizable code) -->

        <!-- region ExposureDocuments, Composite (Customizable code) -->
        <set name="ExposureDocuments" cascade="all-delete-orphan" lazy="true" batch-size="100" access="field.camelcase">
            <key>
                <column name="PackageId" index="NDX_Package_ExposureDocuments"/>
            </key>
            <one-to-many class="AgriMore.Logistics.Domain.ExposureDocument, AgriMore.Logistics.Domain"/>
        </set>
        <!-- endregion ExposureDocuments, Composite (Customizable code) -->

        <!-- region Treatments (Customizable code) -->
        <set name="Treatments" table="PackageTreatment" cascade="save-update" lazy="true" batch-size="100" access="field.camelcase">
            <key>
                <column name="PackageId"/>
            </key>
            <many-to-many class="AgriMore.Logistics.Domain.Treatment, AgriMore.Logistics.Domain">
                <column name="TreatmentId"/>
            </many-to-many>
        </set>
        <!-- endregion Treatments (Customizable code) -->

        <!-- region PrimaryProducts (Customizable code) -->
        <set name="PrimaryProducts" table="PackagePrimaryProduct" cascade="save-update" lazy="true" batch-size="100" access="field.camelcase">
            <key>
                <column name="PackageId"/>
            </key>
            <many-to-many class="AgriMore.Logistics.Domain.PrimaryProduct, AgriMore.Logistics.Domain">
                <column name="PrimaryProductId"/>
            </many-to-many>
        </set>
        <!-- endregion PrimaryProducts (Customizable code) -->
    </class>
</hibernate-mapping>