<?xml version="1.0" encoding="utf-8" ?>
<hibernate-mapping xmlns="urn:nhibernate-mapping-2.0">
  <!-- region PrimaryProduct (Customizable code) -->
  <class name="AgriMore.Logistics.Domain.PrimaryProduct, AgriMore.Logistics.Domain" table="`PrimaryProduct`" lazy="false">
    <!-- endregion PrimaryProduct (Customizable code) -->

    <!-- region Id (Customizable code) -->
    <id name="Uid" column="Uid" type="Int64" unsaved-value="0" access="field.camelcase">
      <generator class="identity"/>
    </id>
    <!-- endregion Id (Customizable code) -->


    <!-- region HarvestedProductDescription (Customizable code) -->
    <property name="HarvestedProductDescription" type="String" access="field.camelcase"/>
    <!-- endregion HarvestedProductDescription (Customizable code) -->

    <!-- region LifeCycleId (Customizable code) -->
    <property name="LifeCycleId" type="String" access="field.camelcase"/>
    <!-- endregion LifeCycleId (Customizable code) -->

    <!-- region ProductionAreaId (Customizable code) -->
    <property name="ProductionAreaId" type="String" access="field.camelcase"/>
    <!-- endregion ProductionAreaId (Customizable code) -->

    <property name="ProductUid" type="Int64" column="ProductId"/>
    <property name="ProductAmount" type="Decimal" column="Amount"/>
    <property name="ParentUid" type="Int64" column="ParentUid"/>
    <property name="Decomposed" type="Boolean" column="Decomposed"/>
    <property name="MatchingProdId" type="Int64" column="MatchingProdId"/>
    <property name="Quantity" type="Int32" access="field.camelcase"/>
    <many-to-one name="Uom" class="AgriMore.Logistics.Domain.UnitOfMeasurement, AgriMore.Logistics.Domain">
      <column name="UomUid" />
    </many-to-one>
  </class>
</hibernate-mapping>