<?xml version="1.0" encoding="utf-8" ?>
<hibernate-mapping xmlns="urn:nhibernate-mapping-2.0">
    <!-- region ShipmentExposure (Customizable code) -->
    <class name="AgriMore.Logistics.Domain.ShipmentExposure, AgriMore.Logistics.Domain" table="`ShipmentExposure`" lazy="false">
    <!-- endregion ShipmentExposure (Customizable code) -->

        <!-- region Id (Customizable code) -->
        <id name="Uid" column="Uid" type="Int64" unsaved-value="0" access="field.camelcase">
            <generator class="identity"/>
        </id>
        <!-- endregion Id (Customizable code) -->

 
        <!-- region DocumentedValue, Required (Customizable code) -->
        <property name="DocumentedValue" type="Double" not-null="true" access="field.camelcase"/>
        <!-- endregion DocumentedValue, Required (Customizable code) -->
 
        <!-- region PrescribedStartValue, Required (Customizable code) -->
        <property name="PrescribedStartValue" type="Double" not-null="true" access="field.camelcase"/>
        <!-- endregion PrescribedStartValue, Required (Customizable code) -->
 
        <!-- region PrescribedEndValue, Required (Customizable code) -->
        <property name="PrescribedEndValue" type="Double" not-null="true" access="field.camelcase"/>
        <!-- endregion PrescribedEndValue, Required (Customizable code) -->

        <!-- region ExposureType, Required, Indexed (Customizable code) -->
        <many-to-one name="ExposureType" class="AgriMore.Logistics.Domain.ExposureType, AgriMore.Logistics.Domain" cascade="save-update" access="field.camelcase">
		    <column name="ExposureTypeId"  not-null="true" index="NDX_ShipmentExposure_ExposureType"/>
        </many-to-one>
        <!-- endregion ExposureType, Required, Indexed (Customizable code) -->
    </class>
</hibernate-mapping>