<?xml version="1.0" encoding="utf-8" ?>
<hibernate-mapping xmlns="urn:nhibernate-mapping-2.0">
    <!-- region Shipment (Customizable code) -->
    <class name="AgriMore.Logistics.Domain.Shipment, AgriMore.Logistics.Domain" table="`Shipment`" lazy="false">
    <!-- endregion Shipment (Customizable code) -->

        <!-- region Id (Customizable code) -->
        <id name="Uid" column="Uid" type="Int64" unsaved-value="0" access="field.camelcase">
            <generator class="identity"/>
        </id>
        <!-- endregion Id (Customizable code) -->

 
        <!-- region ForwarderMailaddress (Customizable code) -->
        <property name="ForwarderMailaddress" type="String" access="field.camelcase"/>
        <!-- endregion ForwarderMailaddress (Customizable code) -->
 
        <!-- region ReceiverMailaddress (Customizable code) -->
        <property name="ReceiverMailaddress" type="String" access="field.camelcase"/>
        <!-- endregion ReceiverMailaddress (Customizable code) -->
 
        <!-- region IsShipped, Required (Customizable code) -->
        <property name="IsShipped" type="Boolean" not-null="true" access="field.camelcase"/>
        <!-- endregion IsShipped, Required (Customizable code) -->
 
        <!-- region IsDelivered, Required (Customizable code) -->
        <property name="IsDelivered" type="Boolean" not-null="true" access="field.camelcase"/>
        <!-- endregion IsDelivered, Required (Customizable code) -->
 
        <!-- region EndDeliverDateTime, Required (Customizable code) -->
        <property name="EndDeliverDateTime" type="DateTime" not-null="true" access="field.camelcase"/>
        <!-- endregion EndDeliverDateTime, Required (Customizable code) -->
 
        <!-- region BeginPickUpDateTime, Required (Customizable code) -->
        <property name="BeginPickUpDateTime" type="DateTime" not-null="true" access="field.camelcase"/>
        <!-- endregion BeginPickUpDateTime, Required (Customizable code) -->
 
        <!-- region EndPickUpDateTime, Required (Customizable code) -->
        <property name="EndPickUpDateTime" type="DateTime" not-null="true" access="field.camelcase"/>
        <!-- endregion EndPickUpDateTime, Required (Customizable code) -->
 
        <!-- region BeginDeliverDateTime, Required (Customizable code) -->
        <property name="BeginDeliverDateTime" type="DateTime" not-null="true" access="field.camelcase"/>
        <!-- endregion BeginDeliverDateTime, Required (Customizable code) -->
 
        <!-- region RealDateTimeOfDelivery, Required (Customizable code) -->
        <property name="RealDateTimeOfDelivery" type="DateTime" not-null="true" access="field.camelcase"/>
        <!-- endregion RealDateTimeOfDelivery, Required (Customizable code) -->
 
        <!-- region ShipperReferenceId (Customizable code) -->
        <property name="ShipperReferenceId" type="String" access="field.camelcase"/>
        <!-- endregion ShipperReferenceId (Customizable code) -->
 
        <!-- region RealDateTimeOfPickup, Required (Customizable code) -->
        <property name="RealDateTimeOfPickup" type="DateTime" not-null="true" access="field.camelcase"/>
        <!-- endregion RealDateTimeOfPickup, Required (Customizable code) -->
 
        <!-- region ReceiverReferenceId (Customizable code) -->
        <property name="ReceiverReferenceId" type="String" access="field.camelcase"/>
        <!-- endregion ReceiverReferenceId (Customizable code) -->
 
        <!-- region ForwarderReferenceId (Customizable code) -->
        <property name="ForwarderReferenceId" type="String" access="field.camelcase"/>
        <!-- endregion ForwarderReferenceId (Customizable code) -->
        
        <property name="LoadingAdviceDocName" type="String" access="field.camelcase"/>
      
        <property name="LoadingAdviceDocPath" type="String" access="field.camelcase"/>
      
        <!-- region DeliveryLocation, Required, Indexed (Customizable code) -->
        <many-to-one name="DeliveryLocation" class="AgriMore.Logistics.Domain.Location, AgriMore.Logistics.Domain" cascade="save-update" access="field.camelcase">
		    <column name="DeliveryLocationId"  not-null="true" index="NDX_Shipment_DeliveryLocation"/>
        </many-to-one>
        <!-- endregion DeliveryLocation, Required, Indexed (Customizable code) -->

        <!-- region PickupLocation, Required, Indexed (Customizable code) -->
        <many-to-one name="PickupLocation" class="AgriMore.Logistics.Domain.Location, AgriMore.Logistics.Domain" cascade="save-update" access="field.camelcase">
		    <column name="PickupLocationId"  not-null="true" index="NDX_Shipment_PickupLocation"/>
        </many-to-one>
        <!-- endregion PickupLocation, Required, Indexed (Customizable code) -->

        <!-- region Shipper, Required, Indexed (Customizable code) -->
        <many-to-one name="Shipper" class="AgriMore.Logistics.Domain.ChainEntity, AgriMore.Logistics.Domain" cascade="save-update" access="field.camelcase">
		    <column name="ShipperId"  not-null="true" index="NDX_Shipment_Shipper"/>
        </many-to-one>
        <!-- endregion Shipper, Required, Indexed (Customizable code) -->

        <!-- region Receiver, Required, Indexed (Customizable code) -->
        <many-to-one name="Receiver" class="AgriMore.Logistics.Domain.ChainEntity, AgriMore.Logistics.Domain" cascade="save-update" access="field.camelcase">
		    <column name="ReceiverId"  not-null="true" index="NDX_Shipment_Receiver"/>
        </many-to-one>
        <!-- endregion Receiver, Required, Indexed (Customizable code) -->

        <!-- region Forwarder, Required, Indexed (Customizable code) -->
        <many-to-one name="Forwarder" class="AgriMore.Logistics.Domain.ChainEntity, AgriMore.Logistics.Domain" cascade="save-update" access="field.camelcase">
		    <column name="ForwarderId"  not-null="true" index="NDX_Shipment_Forwarder"/>
        </many-to-one>
        <!-- endregion Forwarder, Required, Indexed (Customizable code) -->

        <!-- region ShipmentExposures, Composite (Customizable code) -->
        <set name="ShipmentExposures" cascade="all-delete-orphan" lazy="true" batch-size="100" access="field.camelcase">
            <key>
		        <column name="ShipmentId" index="NDX_Shipment_ShipmentExposures"/>
            </key>
            <one-to-many class="AgriMore.Logistics.Domain.ShipmentExposure, AgriMore.Logistics.Domain"/>
        </set>    
        <!-- endregion ShipmentExposures, Composite (Customizable code) -->

        <!-- region Packages (Customizable code) -->
        <set name="Packages" cascade="all" lazy="true" batch-size="100" access="field.camelcase">
            <key>
		        <column name="ShipmentId" index="NDX_Shipment_Packages"/>
            </key>
            <one-to-many class="AgriMore.Logistics.Domain.Package, AgriMore.Logistics.Domain"/>
        </set>    
        <!-- endregion Packages (Customizable code) -->
    </class>
</hibernate-mapping>