<?xml version="1.0" encoding="utf-8" ?>
<hibernate-mapping xmlns="urn:nhibernate-mapping-2.0">
    <!-- region TransportEquipment (Customizable code) -->
    <class name="AgriMore.Logistics.Domain.TransportEquipment, AgriMore.Logistics.Domain" table="`TransportEquipment`" lazy="false">
        <cache usage="read-write"/>
        <!-- endregion TransportEquipment (Customizable code) -->

        <!-- region Id (Customizable code) -->
        <id name="Uid" column="Uid" type="Int64" unsaved-value="0" access="field.camelcase">
            <generator class="identity"/>
        </id>
        <!-- endregion Id (Customizable code) -->


        <!-- region Location, Required, Indexed (Customizable code) -->
        <many-to-one name="Location" class="AgriMore.Logistics.Domain.Location, AgriMore.Logistics.Domain" cascade="save-update" access="field.camelcase">
		    <column name="LocationId"  not-null="true" index="NDX_TransportEquipment_Location"/>
        </many-to-one>
        <!-- endregion Location, Required, Indexed (Customizable code) -->

        <!-- region Shipments (Customizable code) -->
        <set name="Shipments" cascade="all" lazy="true" batch-size="100" access="field.camelcase">
            <key>
		        <column name="TransportEquipmentId" index="NDX_TransportEquipment_Shipments"/>
            </key>
            <one-to-many class="AgriMore.Logistics.Domain.Shipment, AgriMore.Logistics.Domain"/>
        </set>    
        <!-- endregion Shipments (Customizable code) -->
    </class>
</hibernate-mapping>