<?xml version="1.0" encoding="utf-8" ?>
<hibernate-mapping xmlns="urn:nhibernate-mapping-2.0">
    <!-- region Treatment (Customizable code) -->
    <class name="AgriMore.Logistics.Domain.Treatment, AgriMore.Logistics.Domain" table="`Treatment`" lazy="false">
        <!-- endregion Treatment (Customizable code) -->

        <!-- region Id (Customizable code) -->
        <id name="Uid" column="Uid" type="Int64" unsaved-value="0" access="field.camelcase">
            <generator class="identity"/>
        </id>
        <!-- endregion Id (Customizable code) -->


        <!-- region DurationDateTimeEnd, Required (Customizable code) -->
        <property name="DurationDateTimeEnd" type="DateTime" not-null="true" access="field.camelcase"/>
        <!-- endregion DurationDateTimeEnd, Required (Customizable code) -->

        <!-- region DurationDateTimeStart, Required (Customizable code) -->
        <property name="DurationDateTimeStart" type="DateTime" not-null="true" access="field.camelcase"/>
        <!-- endregion DurationDateTimeStart, Required (Customizable code) -->

        <!-- region Value, Required (Customizable code) -->
        <property name="Value" type="Double" not-null="true" access="field.camelcase"/>

      <!-- region Value, Required (Customizable code) -->
      <property name="Cost" type="Decimal" not-null="false" access="field.camelcase"/>

      <!-- region Value, Required (Customizable code) -->
      <property name="CostCurrency" type="string" not-null="false" access="field.camelcase"/>
      
      <!-- region Value, Required (Customizable code) -->
        <property name="CostUnit" type="string" not-null="false" access="field.camelcase"/>
      
      
        <!-- endregion Value, Required (Customizable code) -->

        <!-- region TreatmentType, Required, Indexed (Customizable code) -->
        <many-to-one name="TreatmentType" class="AgriMore.Logistics.Domain.TreatmentType, AgriMore.Logistics.Domain" cascade="save-update" access="field.camelcase">
            <column name="TreatmentTypeId"  not-null="true" index="NDX_Treatment_TreatmentType"/>
        </many-to-one>
        <!-- endregion TreatmentType, Required, Indexed (Customizable code) -->
    </class>
</hibernate-mapping>