<?xml version="1.0" encoding="utf-8" ?>
<hibernate-mapping xmlns="urn:nhibernate-mapping-2.0">
    <!-- region TreatmentType (Customizable code) -->
    <class name="AgriMore.Logistics.Domain.TreatmentType, AgriMore.Logistics.Domain" table="`TreatmentType`" lazy="false">
        <cache usage="read-write"/>
        <!-- endregion TreatmentType (Customizable code) -->

        <!-- region Id (Customizable code) -->
        <id name="Uid" column="Uid" type="Int64" unsaved-value="0" access="field.camelcase">
            <generator class="identity"/>
        </id>
        <!-- endregion Id (Customizable code) -->

 
        <!-- region Name, Required (Customizable code) -->
        <property name="Name" type="String" not-null="true" access="field.camelcase"/>
        <!-- endregion Name, Required (Customizable code) -->

        <!-- region TreatmentTypeCategory, Required, Indexed (Customizable code) -->
        <many-to-one name="TreatmentTypeCategory" class="AgriMore.Logistics.Domain.TreatmentTypeCategory, AgriMore.Logistics.Domain" cascade="save-update" access="field.camelcase">
		    <column name="TreatmentTypeCategoryId"  not-null="true" index="NDX_TreatmentType_TreatmentTypeCategory"/>
        </many-to-one>
        <!-- endregion TreatmentTypeCategory, Required, Indexed (Customizable code) -->

        <!-- region UnitOfMeasurement, Required, Indexed (Customizable code) -->
        <many-to-one name="UnitOfMeasurement" class="AgriMore.Logistics.Domain.UnitOfMeasurement, AgriMore.Logistics.Domain" cascade="save-update" access="field.camelcase">
		    <column name="UnitOfMeasurementId"  not-null="true" index="NDX_TreatmentType_UnitOfMeasurement"/>
        </many-to-one>
        <!-- endregion UnitOfMeasurement, Required, Indexed (Customizable code) -->
    </class>
</hibernate-mapping>