<?xml version="1.0" encoding="utf-8" ?>
<hibernate-mapping xmlns="urn:nhibernate-mapping-2.0">
    <!-- region TreatmentTypeCategory (Customizable code) -->
    <class name="AgriMore.Logistics.Domain.TreatmentTypeCategory, AgriMore.Logistics.Domain" table="`TreatmentTypeCategory`" lazy="false">
        <cache usage="read-write"/>
        <!-- endregion TreatmentTypeCategory (Customizable code) -->

        <!-- region Id (Customizable code) -->
        <id name="Uid" column="Uid" type="Int64" unsaved-value="0" access="field.camelcase">
            <generator class="identity"/>
        </id>
        <!-- endregion Id (Customizable code) -->

 
        <!-- region Name, Required (Customizable code) -->
        <property name="Name" type="String" not-null="true" access="field.camelcase"/>
        <!-- endregion Name, Required (Customizable code) -->

        <!-- region TreatmentTypes, Inverse (Customizable code) -->
        <set name="TreatmentTypes" cascade="all" lazy="true" batch-size="100" inverse="true" access="field.camelcase">
            <cache usage="read-write"/>
            <key>
		        <column name="TreatmentTypeCategoryId"/>
            </key>
            <one-to-many class="AgriMore.Logistics.Domain.TreatmentType, AgriMore.Logistics.Domain"/>
        </set>    
        <!-- endregion TreatmentTypes, Inverse (Customizable code) -->
    </class>
</hibernate-mapping>