<?xml version="1.0" encoding="utf-8" ?>
<hibernate-mapping xmlns="urn:nhibernate-mapping-2.0">
    <!-- region User (Customizable code) -->
    <class name="AgriMore.Logistics.Domain.User, AgriMore.Logistics.Domain" table="`User`" lazy="false">
        <cache usage="read-write"/>
        <!-- endregion User (Customizable code) -->

        <!-- region Id (Customizable code) -->
        <id name="Uid" column="Uid" type="Int64" unsaved-value="0" access="field.camelcase">
            <generator class="identity"/>
        </id>
        <!-- endregion Id (Customizable code) -->

 
        <!-- region FirstName (Customizable code) -->
        <property name="FirstName" type="String" access="field.camelcase"/>
        <!-- endregion FirstName (Customizable code) -->
 
        <!-- region LastName (Customizable code) -->
        <property name="LastName" type="String" access="field.camelcase"/>
        <!-- endregion LastName (Customizable code) -->
 
        <!-- region Password (Customizable code) -->
        <property name="Password" type="String" access="field.camelcase"/>
        <!-- endregion Password (Customizable code) -->
 
        <!-- region Username (Customizable code) -->
        <property name="Username" type="String" access="field.camelcase"/>
        <!-- endregion Username (Customizable code) -->
      
       <property name="UsingLang" type="String" access="field.camelcase"/>

      <property name="ActiveCode" type="String" access="field.camelcase"/>

      <property name="Email" type="String" access="field.camelcase"/>

        <!-- region Roles (Customizable code) -->
        <set name="Roles" table="UserRole" cascade="save-update" lazy="true" batch-size="100" access="field.camelcase">            
            <key>
		        <column name="UserId"/>
            </key>
            <many-to-many class="AgriMore.Logistics.Domain.Role, AgriMore.Logistics.Domain">
                <column name="RoleId"/>
            </many-to-many>
        </set>    
        <!-- endregion Roles (Customizable code) -->
    </class>
</hibernate-mapping>