﻿<?xml version="1.0" encoding="utf-8" ?>
<hibernate-mapping xmlns="urn:nhibernate-mapping-2.0">
  <!-- region ProductGroup (Customizable code) -->
  <class name="AgriMore.Logistics.Domain.WasteDisposalExpirePackage, AgriMore.Logistics.Domain" table="`wastedisposalexpirepackage`" lazy="false">
    <cache usage="read-write"/>
    <!-- endregion ProductGroup (Customizable code) -->

    <!-- region Id (Customizable code) -->
    <id name="Uid" column="Uid" type="Int64" unsaved-value="0" access="field.camelcase">
      <generator class="identity"/>
    </id>
    <!-- endregion Id (Customizable code) -->

    <!-- region Name, Required (Customizable code) -->
    <property name="ExpiredPackageId" type="Int64" not-null="false" access="field.camelcase"/>
    
    <property name="WasteDisposalPackageId" type="Int64" not-null="false" access="field.camelcase"/>
    <!-- endregion Name, Required (Customizable code) -->   	     
        
  </class>
</hibernate-mapping>